<?xml version="1.0" encoding="UTF-8"?>
<!DOCTYPE configuration PUBLIC "-//mybatis.org//DTD Config 3.0//EN"
        "http://mybatis.org/dtd/mybatis-3-config.dtd">
<configuration>

    <!--给类起别名-->
    <typeAliases>
        <package name="com.lvxinkang.bean"/>
    </typeAliases>

    <!--分页插件-->
    <plugins>
        <!-- PageHelper4.1.6 -->
        <plugin interceptor="com.github.pagehelper.PageHelper">
            <property name="dialect" value="mysql"/>
        </plugin>
    </plugins>

</configuration>