<?xml version="1.0" encoding="UTF-8"?>
<beans xmlns="http://www.springframework.org/schema/beans"
       xmlns:xsi="http://www.w3.org/2001/XMLSchema-instance"
       xmlns:p="http://www.springframework.org/schema/p"
       xmlns:context="http://www.springframework.org/schema/context"
       xmlns:mvc="http://www.springframework.org/schema/mvc"
       xmlns:tx="http://www.springframework.org/schema/tx"
       xsi:schemaLocation="http://www.springframework.org/schema/beans
                           http://www.springframework.org/schema/beans/spring-beans.xsd
                           http://www.springframework.org/schema/context
                           http://www.springframework.org/schema/context/spring-context.xsd
                           http://www.springframework.org/schema/mvc
                           http://www.springframework.org/schema/mvc/spring-mvc.xsd
                           http://www.springframework.org/schema/tx
                           http://www.springframework.org/schema/tx/spring-tx.xsd">

    <!--1 配置数据源-->
    <bean id="db" class="com.alibaba.druid.pool.DruidDataSource">
        <property name="driverClassName" value="com.mysql.jdbc.Driver"/>
        <property name="url" value="jdbc:mysql://localhost:3306/pams?useUnicode=true&amp;characterEncoding=utf-8"/>
        <property name="username" value="root"/>
        <property name="password" value="root"/>
    </bean>

    <!--2 创建sqlSessionFactory-->
    <bean id="fac" class="org.mybatis.spring.SqlSessionFactoryBean">
        <property name="dataSource" ref="db"/>
        <!--指定mybatis的配置文件路径-->
        <property name="configLocation" value="classpath:mybatis.xml"/>
        <!--指定mybatis的mapper文件路径-->
        <property name="mapperLocations" value="classpath:mapper/*.xml"/>
    </bean>

    <!--3 创建MapperScannerConfigurer用于省略dao的实现类-->
    <bean class="org.mybatis.spring.mapper.MapperScannerConfigurer">
        <!--注意这里sqlSessionFactoryBeanName属性是String类型的，要用value-->
        <property name="sqlSessionFactoryBeanName" value="fac"/>
        <!--接口所在包的全路径-->
        <property name="basePackage" value="com.lvxinkang.dao"/>

    </bean>

    <!--4 配置事务-->
    <bean id="mytx" class="org.springframework.jdbc.datasource.DataSourceTransactionManager">
        <property name="dataSource" ref="db"/>
    </bean>
    <tx:annotation-driven transaction-manager="mytx"/>

    <!--5 启用springMVC注解-->
    <mvc:annotation-driven/>

    <!--6 配置视图解析器-->
    <bean class="org.springframework.web.servlet.view.InternalResourceViewResolver">
        <property name="prefix" value="/"/>
        <property name="suffix" value=".jsp"/>
    </bean>

    <!--7 扫描注解包-->
    <context:component-scan base-package="com.lvxinkang"/>

    <!--8 配置静态资源访问-->
    <mvc:default-servlet-handler/>


</beans>