<?xml version="1.0" encoding="UTF-8"?>
<!DOCTYPE generatorConfiguration
        PUBLIC "-//mybatis.org//DTD MyBatis Generator Configuration 1.0//EN"
        "http://mybatis.org/dtd/mybatis-generator-config_1_0.dtd">
<!-- 配置生成器 -->
<generatorConfiguration>
    <!--数据库驱动jar -->
    <classPathEntry
            location="F:\develop\maven_repository\mysql\mysql-connector-java\5.1.6\mysql-connector-java-5.1.6.jar" />
    <context id="MyBatis" targetRuntime="MyBatis3">
        <!--去除注释 -->
        <commentGenerator>
            <property name="suppressAllComments" value="true" />
        </commentGenerator>
        <!--数据库连接 -->
        <jdbcConnection driverClass="com.mysql.jdbc.Driver"
                        connectionURL="jdbc:mysql://localhost:3306/pams"
                        userId="root"
                        password="root">
        </jdbcConnection>
        <!--生成实体类 指定包名 以及生成的地址 （可以自定义地址，但是路径不存在不会自动创建
        使用Maven生成在target目录下，会自动创建） -->
        <javaModelGenerator targetPackage="com.lvxinkang.bean"
                            targetProject="D:\src\main\java">
            <property name="trimStrings" value="true" />
        </javaModelGenerator>
        <!--生成SQLmapper文件 -->
        <sqlMapGenerator targetPackage="mapper"
                         targetProject="D:\src\main\resources">
        </sqlMapGenerator>
        <!--生成Dao文件,生成接口 -->
        <javaClientGenerator type="XMLMAPPER"
                             targetPackage="com.lvxinkang.dao"
                             targetProject="D:\src\main\java">
        </javaClientGenerator>
        <table tableName="bills" enableCountByExample="false"
               enableUpdateByExample="false" enableDeleteByExample="false"
               enableSelectByExample="false" selectByExampleQueryId="false">
        </table>
        <table tableName="billtype" enableCountByExample="false"
               enableUpdateByExample="false" enableDeleteByExample="false"
               enableSelectByExample="false" selectByExampleQueryId="false">
        </table>
    </context>
</generatorConfiguration>