<?xml version="1.0" encoding="UTF-8"?>
<!DOCTYPE mapper PUBLIC "-//mybatis.org//DTD Mapper 3.0//EN" "http://mybatis.org/dtd/mybatis-3-mapper.dtd">
<mapper namespace="com.lvxinkang.dao.BilltypeMapper">
  <resultMap id="BaseResultMap" type="com.lvxinkang.bean.Billtype">
    <id column="id" jdbcType="INTEGER" property="id" />
    <result column="bname" jdbcType="VARCHAR" property="bname" />
  </resultMap>
  <sql id="Base_Column_List">
    id, bname
  </sql>
  <select id="selectByPrimaryKey" parameterType="java.lang.Integer" resultMap="BaseResultMap">
    select 
    <include refid="Base_Column_List" />
    from billtype
    where id = #{id,jdbcType=INTEGER}
  </select>
  <delete id="deleteByPrimaryKey" parameterType="java.lang.Integer">
    delete from billtype
    where id = #{id,jdbcType=INTEGER}
  </delete>
  <insert id="insert" parameterType="com.lvxinkang.bean.Billtype">
    insert into billtype (id, bname)
    values (#{id,jdbcType=INTEGER}, #{bname,jdbcType=VARCHAR})
  </insert>
  <insert id="insertSelective" parameterType="com.lvxinkang.bean.Billtype">
    insert into billtype
    <trim prefix="(" suffix=")" suffixOverrides=",">
      <if test="id != null">
        id,
      </if>
      <if test="bname != null">
        bname,
      </if>
    </trim>
    <trim prefix="values (" suffix=")" suffixOverrides=",">
      <if test="id != null">
        #{id,jdbcType=INTEGER},
      </if>
      <if test="bname != null">
        #{bname,jdbcType=VARCHAR},
      </if>
    </trim>
  </insert>
  <update id="updateByPrimaryKeySelective" parameterType="com.lvxinkang.bean.Billtype">
    update billtype
    <set>
      <if test="bname != null">
        bname = #{bname,jdbcType=VARCHAR},
      </if>
    </set>
    where id = #{id,jdbcType=INTEGER}
  </update>
  <update id="updateByPrimaryKey" parameterType="com.lvxinkang.bean.Billtype">
    update billtype
    set bname = #{bname,jdbcType=VARCHAR}
    where id = #{id,jdbcType=INTEGER}
  </update>

  
  <select id="getTypes" resultMap="BaseResultMap">
    select * from billtype
  </select>
</mapper>