<?xml version="1.0" encoding="UTF-8"?>
<!DOCTYPE mapper PUBLIC "-//mybatis.org//DTD Mapper 3.0//EN" "http://mybatis.org/dtd/mybatis-3-mapper.dtd">
<mapper namespace="com.lvxinkang.dao.BillsMapper">

  <resultMap id="BaseResultMap" type="com.lvxinkang.bean.Bills">
    <id column="id" jdbcType="INTEGER" property="id" />
    <result column="title" jdbcType="VARCHAR" property="title" />
    <result column="billtime" jdbcType="DATE" property="billtime" />
    <result column="typeid" jdbcType="INTEGER" property="typeid" />
    <result column="price" jdbcType="DOUBLE" property="price" />
    <result column="explains" jdbcType="VARCHAR" property="explains" />
  </resultMap>
  
  <resultMap id="rs1" type="bills">
    <id column="id" jdbcType="INTEGER" property="id" />
    <result column="title" jdbcType="VARCHAR" property="title" />
    <result column="billtime" jdbcType="DATE" property="billtime" />
    <result column="typeid" jdbcType="INTEGER" property="typeid" />
    <result column="price" jdbcType="DOUBLE" property="price" />
    <result column="explains" jdbcType="VARCHAR" property="explains" />

    <association javaType="com.lvxinkang.bean.Billtype" property="billtype">
      <id column="id" jdbcType="INTEGER" property="id" />
      <result column="bname" jdbcType="VARCHAR" property="bname" />
    </association>
  </resultMap>

  <select id="getBills" resultMap="rs1">
    select * from bills b, billtype t where b.typeid = t.id
    <if test="tid != -1">
      and t.id=#{tid}
    </if>
    <if test="begin!=null and begin!=''">
      and b.billtime&gt;=#{begin}
    </if>
    <if test="end!=null and end!=''">
      and b.billtime <![CDATA[ <= ]]> #{end}
    </if>
  </select>


  <sql id="Base_Column_List">
    id, title, billtime, typeid, price, explains
  </sql>
  <select id="selectByPrimaryKey" parameterType="java.lang.Integer" resultMap="BaseResultMap">
    select 
    <include refid="Base_Column_List" />
    from bills
    where id = #{id,jdbcType=INTEGER}
  </select>
  <delete id="deleteByPrimaryKey" parameterType="java.lang.Integer">
    delete from bills
    where id = #{id,jdbcType=INTEGER}
  </delete>
  <insert id="insert" parameterType="com.lvxinkang.bean.Bills">
    insert into bills (id, title, billtime, 
      typeid, price, explains
      )
    values (#{id,jdbcType=INTEGER}, #{title,jdbcType=VARCHAR}, #{billtime,jdbcType=DATE}, 
      #{typeid,jdbcType=INTEGER}, #{price,jdbcType=DOUBLE}, #{explains,jdbcType=VARCHAR}
      )
  </insert>
  <insert id="insertSelective" parameterType="com.lvxinkang.bean.Bills">
    insert into bills
    <trim prefix="(" suffix=")" suffixOverrides=",">
      <if test="id != null">
        id,
      </if>
      <if test="title != null">
        title,
      </if>
      <if test="billtime != null">
        billtime,
      </if>
      <if test="typeid != null">
        typeid,
      </if>
      <if test="price != null">
        price,
      </if>
      <if test="explains != null">
        explains,
      </if>
    </trim>
    <trim prefix="values (" suffix=")" suffixOverrides=",">
      <if test="id != null">
        #{id,jdbcType=INTEGER},
      </if>
      <if test="title != null">
        #{title,jdbcType=VARCHAR},
      </if>
      <if test="billtime != null">
        #{billtime,jdbcType=DATE},
      </if>
      <if test="typeid != null">
        #{typeid,jdbcType=INTEGER},
      </if>
      <if test="price != null">
        #{price,jdbcType=DOUBLE},
      </if>
      <if test="explains != null">
        #{explains,jdbcType=VARCHAR},
      </if>
    </trim>
  </insert>
  <update id="updateByPrimaryKeySelective" parameterType="com.lvxinkang.bean.Bills">
    update bills
    <set>
      <if test="title != null">
        title = #{title,jdbcType=VARCHAR},
      </if>
      <if test="billtime != null">
        billtime = #{billtime,jdbcType=DATE},
      </if>
      <if test="typeid != null">
        typeid = #{typeid,jdbcType=INTEGER},
      </if>
      <if test="price != null">
        price = #{price,jdbcType=DOUBLE},
      </if>
      <if test="explains != null">
        explains = #{explains,jdbcType=VARCHAR},
      </if>
    </set>
    where id = #{id,jdbcType=INTEGER}
  </update>
  <update id="updateByPrimaryKey" parameterType="com.lvxinkang.bean.Bills">
    update bills
    set title = #{title,jdbcType=VARCHAR},
      billtime = #{billtime,jdbcType=DATE},
      typeid = #{typeid,jdbcType=INTEGER},
      price = #{price,jdbcType=DOUBLE},
      explains = #{explains,jdbcType=VARCHAR}
    where id = #{id,jdbcType=INTEGER}
  </update>
</mapper>