<?xml version="1.0" encoding="UTF-8" ?>
<!DOCTYPE mapper
        PUBLIC "-//mybatis.org//DTD Mapper 3.0//EN"
        "http://mybatis.org/dtd/mybatis-3-mapper.dtd">
<mapper namespace="com.lvxinkang.dao.UserMapper">
    <!-- 目的：为DAO接口方法提供sql语句配置 -->
    <!-- 查询用户和密码进行登录 -->


    <resultMap id="findByUsername1" type="User">
        <id column="id" jdbcType="INTEGER" property="id" />
        <result column="username" jdbcType="VARCHAR" property="username" />
        <result column="password" jdbcType="VARCHAR" property="password" />

    </resultMap>


    <select id="findByUsername" resultType="User" parameterType="String">

        select * from user where username = #{username}

    </select>

    <!--增加用户名和密码进行注册  -->
    <insert id="registerByUsernameAndPassword">
         insert into user (username,password)
        values (#{username},#{password})
    </insert>

</mapper>